{"cameraMode":{"drawMode":0,"name":"Shaded","section":"Shading Mode"},"sceneLighting":true,"audioPlay":false,"sceneViewState":{"m_AlwaysRefresh":false,"showFog":true,"showSkybox":true,"showFlares":true,"showImageEffects":true,"showParticleSystems":true,"showVisualEffectGraphs":true,"m_FxEnabled":true},"in2DMode":false,"pivot":{"x":27.495803833007814,"y":0.8839989900588989,"z":0.806956946849823},"rotation":{"x":0.3214828670024872,"y":0.6183530688285828,"z":-0.30311456322669985,"w":0.6504179835319519},"size":13.022171020507813,"orthographic":true}