{"cameraMode":{"drawMode":0,"name":"Shaded","section":"Shading Mode"},"sceneLighting":true,"audioPlay":false,"sceneViewState":{"m_AlwaysRefresh":false,"showFog":true,"showSkybox":true,"showFlares":true,"showImageEffects":true,"showParticleSystems":true,"showVisualEffectGraphs":true,"m_FxEnabled":true},"in2DMode":false,"pivot":{"x":19.926578521728517,"y":-101.06867980957031,"z":-74.22010803222656},"rotation":{"x":0.034986454993486407,"y":-0.9137418270111084,"z":0.39693576097488406,"w":0.08056053519248963},"size":121.4508285522461,"orthographic":false}