{"cameraMode":{"drawMode":0,"name":"Shaded","section":"Shading Mode"},"sceneLighting":true,"audioPlay":false,"sceneViewState":{"m_AlwaysRefresh":false,"showFog":true,"showSkybox":true,"showFlares":true,"showImageEffects":true,"showParticleSystems":true,"showVisualEffectGraphs":true,"m_FxEnabled":true},"in2DMode":false,"pivot":{"x":5.359978675842285,"y":-5.779868125915527,"z":85.17398071289063},"rotation":{"x":0.10444667935371399,"y":0.8861340284347534,"z":-0.24080857634544373,"w":0.38285815715789797},"size":100.94385528564453,"orthographic":true}